"Name","Objects","Shallow Size","Retained Size"
"byte[]","3696","10210296","10210296"
"int[]","2618","5982704","5982704"
"java.lang.Class","2428","1890392","3696344"
"java.awt.image.BufferedImage","6","288","1846368"
"sun.awt.image.ByteInterleavedRaster","9","1080","1844832"
"au.edu.jcu.v4l4j.JPEGFrameGrabber","1","104","1843936"
"au.edu.jcu.v4l4j.JPEGVideoFrame","4","256","1843760"
"uk.ac.ed.inf.sdp2012.group7.vision.VisionFeed","1","56","925464"
"java.lang.String","9682","309824","820168"
"char[]","9344","686040","686040"
"java.util.HashMap$Entry","3432","109824","569712"
"java.util.HashMap","538","25824","558744"
"java.util.HashMap$Entry[]","601","66816","544720"
"short[]","3385","250920","250920"
"java.lang.Object[]","897","45264","215288"
"java.util.Hashtable$Entry","1482","47424","171560"
"java.util.Hashtable$Entry[]","83","21624","171544"
"java.lang.reflect.Method","1075","94600","139920"
"java.util.Vector","168","5376","126656"
"uk.ac.ed.inf.sdp2012.group7.vision.ui.RangeSlider","15","5760","101640"
"java.lang.ref.Finalizer","69","2760","96928"
"java.util.concurrent.ConcurrentHashMap","49","2352","92624"
"java.util.concurrent.ConcurrentHashMap$Segment[]","49","3920","90592"
"java.util.concurrent.ConcurrentHashMap$Segment","784","31360","88832"
"long[]","22","81136","81136"
"javax.swing.JSlider$1SmartHashtable","15","960","76800"
"java.lang.ref.SoftReference","272","10880","73168"
"java.util.logging.LogManager$LogNode","116","2784","73120"
"javax.swing.JSlider$1SmartHashtable$LabelUIResource","90","36000","70560"
"java.nio.HeapByteBuffer","30","1440","67104"
"java.io.BufferedReader","3","144","66104"
"java.util.ArrayList","100","2400","56984"
"java.lang.reflect.Field","727","52344","53856"
"sun.awt.AppContext","1","56","51656"
"com.yourkit.runtime.Core$MyProcessOutputReader","2","224","50352"
"java.io.PrintStream","2","64","50128"
"javax.swing.UIManager$LAFState","1","48","48744"
"sun.font.CompositeFont","20","1920","47280"
"com.sun.jmx.mbeanserver.PerInterface","11","440","45600"
"java.beans.PropertyChangeSupport","180","4320","43080"
"java.io.OutputStreamWriter","5","160","42080"
"sun.nio.cs.StreamEncoder","5","280","41920"
"javax.swing.UIDefaults[]","1","24","40968"
"javax.swing.UIDefaults","1","64","40944"
"javax.swing.JPanel","32","11008","40904"
"sun.java2d.loops.GraphicsPrimitive[]","2","3120","39128"
"java.util.zip.Inflater","11","352","39096"
"java.beans.PropertyChangeSupport$PropertyChangeListenerMap","181","2896","38776"
"java.util.concurrent.ConcurrentHashMap$HashEntry[]","784","18928","35968"
"com.sun.jmx.mbeanserver.ConvertingMethod","105","3360","33624"
"sun.awt.X11.XIconInfo","4","192","33408"
"java.io.BufferedWriter","2","96","32896"
"sun.misc.Launcher$AppClassLoader","1","72","31152"
"java.util.Hashtable","59","2832","30560"
"java.lang.String[]","504","17600","29992"
"sun.security.provider.Sun","2","192","27784"
"java.util.logging.LogManager","1","40","26008"
"java.util.concurrent.locks.ReentrantLock$NonfairSync","801","25632","25632"
"java.lang.reflect.Method[]","110","6840","25304"
"java.io.InputStreamReader","3","72","25104"
"sun.nio.cs.StreamDecoder","3","144","25032"
"java.util.concurrent.ConcurrentHashMap$HashEntry","128","4096","20168"
"java.lang.Class[]","980","19896","19896"
"com.sun.jmx.mbeanserver.OpenConverter$CompositeConverter","7","280","19584"
"java.util.HashSet","74","1184","19408"
"java.util.Properties","4","192","18760"
"java.util.jar.JarFile","14","784","17952"
"java.awt.Component[]","178","3424","17392"
"java.io.BufferedInputStream","3","120","16536"
"java.util.LinkedHashMap","60","3360","16504"
"java.util.LinkedHashMap$Entry","322","12880","15272"
"javax.swing.JLabel","19","7448","14744"
"java.util.jar.Manifest","6","144","14712"
"java.util.jar.Attributes","7","112","13688"
"sun.reflect.DelegatingMethodAccessorImpl","29","464","13320"
"java.util.WeakHashMap$Entry[]","31","2880","13144"
"javax.swing.JButton","12","5568","12960"
"javax.management.ImmutableDescriptor","157","3768","12696"
"java.lang.ProcessEnvironment$Value","67","1608","12552"
"java.util.WeakHashMap$Entry","120","4800","12480"
"java.lang.ref.WeakReference","381","12192","12192"
"sun.misc.URLClassPath","3","96","12088"
"java.security.AccessControlContext","220","7040","11776"
"sun.nio.cs.StandardCharsets","1","32","11768"
"java.util.TreeMap$Entry","97","3880","10656"
"sun.misc.Launcher$ExtClassLoader","1","80","10392"
"javax.imageio.spi.SubRegistry","5","160","10328"
"sun.font.TrueTypeGlyphMapper","2","64","10040"
"org.apache.log4j.ConsoleAppender","1","64","10024"
"sun.font.CMap$CMapFormat12","2","96","9976"
"java.net.URL","52","3328","9920"
"sun.reflect.generics.tree.ClassTypeSignature","21","336","9824"
"sun.java2d.loops.Blit","199","9552","9552"
"java.lang.Object","593","9488","9488"
"uk.ac.ed.inf.sdp2012.group7.vision.ui.RangeSliderUI","15","1800","9480"
"javax.imageio.ImageTypeSpecifier[]","2","136","9328"
"sun.nio.cs.StandardCharsets$Aliases","1","40","9280"
"java.lang.ref.PhantomReference","271","8672","9120"
"java.lang.Long","376","9024","9024"
"sun.reflect.generics.tree.SimpleClassTypeSignature","66","1584","8960"
"java.lang.UNIXProcess$1$1","1","112","8920"
"java.lang.Integer","546","8736","8736"
"sun.misc.MetaIndex","10","240","8696"
"java.lang.reflect.Constructor","116","8352","8632"
"java.io.BufferedOutputStream","4","96","8592"
"com.sun.jmx.mbeanserver.JmxMBeanServer","1","40","8584"
"org.apache.log4j.helpers.QuietWriter","1","32","8448"
"java.lang.ProcessEnvironment$Variable","67","1608","8336"
"java.lang.UNIXProcess","1","48","8280"
"com.sun.jmx.interceptor.DefaultMBeanServerInterceptor","1","48","7984"
"java.util.WeakHashMap","28","1344","7904"
"sun.java2d.loops.ScaledBlit","163","7824","7824"
"javax.management.MBeanInfo","40","1920","7680"
"sun.java2d.x11.X11VolatileSurfaceManager","4","192","7624"
"com.sun.jmx.mbeanserver.Repository","1","32","7616"
"javax.swing.MultiUIDefaults","1","64","7616"
"sun.util.LocaleServiceProviderPool","4","128","7552"
"sun.reflect.generics.repository.MethodRepository","6","240","7160"
"java.lang.Long[]","1","1040","7064"
"sun.awt.X11.XToolkit","1","96","6968"
"com.sun.jmx.mbeanserver.PerInterface$MethodAndSig","19","456","6944"
"javax.imageio.spi.PartiallyOrderedSet","5","120","6776"
"sun.awt.resources.awt","1","40","6568"
"sun.misc.URLClassPath$JarLoader","22","880","6552"
"java.security.Provider$Service","24","1344","6504"
"sun.reflect.generics.tree.MethodTypeSignature","6","192","6472"
"java.util.logging.Logger","89","5696","6312"
"javax.management.MBeanOperationInfo","16","640","6288"
"java.lang.Thread","14","1568","6272"
"sun.reflect.DelegatingClassLoader","11","616","6216"
"javax.swing.event.EventListenerList","222","3552","6096"
"java.security.ProtectionDomain","8","320","6080"
"java.util.Collections$SingletonList","14","336","5736"
"java.security.Permissions","9","288","5664"
"java.beans.PropertyChangeListener[]","232","5560","5592"
"java.util.regex.Pattern$Branch","4","128","5560"
"sun.awt.motif.MFontConfiguration","1","96","5544"
"javax.management.openmbean.CompositeType","9","504","5440"
"javax.imageio.spi.DigraphNode","16","512","5360"
"java.lang.ThreadLocal$ThreadLocalMap","28","672","5336"
"javax.management.MBeanParameterInfo[]","15","360","5304"
"com.sun.jmx.mbeanserver.NamedObject","17","408","5264"
"sun.font.TrueTypeFont","2","256","5256"
"javax.management.MBeanAttributeInfo","55","1760","5216"
"javax.management.openmbean.ArrayType","15","840","5176"
"javax.swing.UIDefaults$LazyInputMap","24","384","5120"
"javax.management.openmbean.OpenMBeanAttributeInfoSupport","32","2048","4976"
"java.awt.Rectangle","155","4960","4960"
"java.util.TreeMap","19","912","4960"
"java.lang.ThreadLocal$ThreadLocalMap$Entry[]","28","2240","4904"
"sun.reflect.generics.tree.TypeArgument[]","66","1112","4848"
"java.lang.Integer[]","2","1064","4792"
"java.security.ProtectionDomain[]","197","4736","4736"
"java.lang.Short[]","1","1040","4704"
"int[][]","13","2048","4592"
"java.lang.Short","282","4512","4512"
"javax.management.StandardMBean","15","360","4448"
"java.util.regex.Pattern$BitClass","6","144","4400"
"long[][]","2","208","4336"
"java.io.File","33","792","4264"
"sun.java2d.loops.MaskBlit","88","4224","4224"
"com.sun.jmx.mbeanserver.OpenConverter$ConverterMap","1","48","4224"
"sun.font.CompositeGlyphMapper","2","64","4048"
"uk.ac.ed.inf.sdp2012.group7.vision.worldstate.WorldState","1","72","3896"
"java.util.regex.Pattern$GroupHead","9","216","3888"
"java.util.regex.Pattern$BranchConn","4","64","3704"
"java.util.regex.Pattern","5","320","3632"
"java.lang.reflect.Field[]","53","3512","3512"
"javax.swing.Timer","15","840","3480"
"javax.swing.JRootPane","2","768","3456"
"sun.awt.X11.XAtom","105","3360","3360"
"sun.font.FontManager$FontConfigInfo[]","1","64","3336"
"sun.font.FontManager$FontConfigInfo","12","480","3272"
"sun.awt.X11.XNETProtocol","1","112","3272"
"javax.imageio.ImageTypeSpecifier$Packed","7","336","3248"
"uk.ac.ed.inf.sdp2012.group7.vision.worldstate.MovingObject","5","280","3136"
"sun.java2d.DefaultDisposerRecord","97","3104","3104"
"au.edu.jcu.v4l4j.DeviceInfo","1","40","3104"
"com.sun.jmx.mbeanserver.MBeanIntrospector$MBeanInfoMap","1","48","3096"
"sun.awt.X11.XAtomList","3","48","3072"
"sun.misc.ProxyGenerator$PrimitiveTypeInfo","8","256","3072"
"javax.management.MBeanParameterInfo","14","448","3024"
"java.awt.image.DirectColorModel","11","1584","2992"
"java.io.ObjectStreamField[]","15","440","2992"
"java.util.logging.LogManager$RootLogger","1","72","2944"
"java.util.IdentityHashMap","7","280","2872"
"java.lang.ThreadLocal$ThreadLocalMap$Entry","42","1344","2760"
"org.apache.log4j.helpers.PatternParser$LiteralPatternConverter","6","192","2704"
"com.sun.jmx.mbeanserver.OpenConverter$IdentityConverter","32","768","2664"
"java.awt.image.IndexColorModel","2","192","2656"
"sun.awt.X11.XFramePeer","2","656","2656"
"java.util.jar.Attributes$Name","67","1608","2640"
"java.io.ObjectStreamField","43","1720","2552"
"javax.imageio.ImageTypeSpecifier$Indexed","1","48","2552"
"float[]","28","2544","2544"
"java.util.LinkedHashSet","6","96","2536"
"org.apache.log4j.helpers.PatternParser$BasicPatternConverter","5","160","2536"
"java.awt.VKCollection","1","24","2464"
"java.io.FilePermissionCollection","7","168","2456"
"javax.swing.BoxLayout","6","240","2448"
"java.security.Provider$UString","23","552","2440"
"javax.management.ObjectName","18","720","2392"
"java.util.Collections$SynchronizedMap","6","192","2384"
"sun.awt.X11GraphicsDevice","1","64","2384"
"javax.swing.JTabbedPane","1","376","2360"
"boolean[]","28","2352","2352"
"org.apache.log4j.Hierarchy","1","48","2336"
"java.util.regex.Pattern$Single","5","120","2280"
"sun.management.MemoryPoolImpl","5","280","2280"
"sun.java2d.loops.MaskFill","47","2256","2256"
"javax.management.MBeanAttributeInfo[]","41","2016","2240"
"java.awt.Point","91","2184","2184"
"java.lang.Character[]","1","528","2160"
"com.sun.jmx.mbeanserver.OpenConverter[]","112","2128","2128"
"javax.swing.JFrame","2","800","2104"
"au.edu.jcu.v4l4j.ImageFormatList","1","40","2088"
"sun.java2d.loops.SurfaceType","65","2080","2080"
"java.lang.Character","129","2064","2064"
"com.sun.imageio.plugins.jpeg.JPEGImageReader$JPEGReaderDisposerRecord","85","2040","2040"
"javax.imageio.stream.FileCacheImageInputStream$StreamDisposerRecord","85","2040","2040"
"javax.swing.JRadioButton","2","928","2032"
"java.security.Provider$ServiceKey","47","1128","1968"
"java.util.Arrays$ArrayList","15","360","1960"
"javax.imageio.ImageTypeSpecifier$Grayscale","3","96","1960"
"java.util.regex.Pattern$GroupTail","9","216","1920"
"javax.management.openmbean.OpenMBeanParameterInfoSupport","8","448","1920"
"sun.awt.image.BufImgSurfaceManager","5","120","1920"
"java.lang.ref.ReferenceQueue","40","1280","1872"
"sun.awt.X11GraphicsEnvironment","1","56","1856"
"java.util.Collections$UnmodifiableSet","4","64","1840"
"javax.swing.SizeRequirements[]","12","416","1824"
"javax.swing.SizeRequirements","56","1792","1792"
"java.io.UnixFileSystem","1","32","1792"
"java.io.ExpiringCache","2","80","1760"
"java.io.FilePermission","7","224","1728"
"java.util.regex.Pattern$Node[]","4","96","1728"
"javax.imageio.ImageTypeSpecifier$Interleaved","6","240","1696"
"java.io.ExpiringCache$1","2","112","1680"
"java.awt.image.PixelInterleavedSampleModel","18","1008","1664"
"java.awt.geom.AffineTransform","23","1656","1656"
"sun.swing.SwingUtilities2$BearingCacheEntry[]","1","56","1656"
"sun.java2d.SunGraphics2D","7","1456","1640"
"com.yourkit.probes.ForeignKeyColumn","20","480","1600"
"sun.swing.SwingUtilities2$BearingCacheEntry","1","32","1600"
"com.sun.jmx.mbeanserver.WeakIdentityHashMap","2","48","1584"
"javax.swing.plaf.InputMapUIResource","7","168","1568"
"javax.swing.DefaultBoundedRangeModel","15","600","1560"
"javax.swing.JLayeredPane","2","704","1536"
"au.edu.jcu.v4l4j.ImageFormat","14","336","1520"
"javax.swing.ArrayTable","9","144","1512"
"java.lang.reflect.Constructor[]","66","1504","1504"
"org.apache.log4j.PatternLayout","1","32","1488"
"javax.swing.plaf.ColorUIResource","37","1480","1480"
"sun.font.PhysicalFont[]","20","1440","1440"
"sun.java2d.loops.DrawGlyphListAA","30","1440","1440"
"com.sun.jmx.mbeanserver.MXBeanLookup","1","24","1440"
"sun.font.FontManager$FontRegistrationInfo","25","800","1432"
"java.util.LinkedList$Entry","28","672","1424"
"sun.font.TrueTypeFont$DirectoryEntry[]","2","192","1408"
"sun.text.resources.FormatData","1","40","1408"
"java.awt.Dimension","58","1392","1392"
"java.util.Collections$UnmodifiableRandomAccessList","7","168","1384"
"uk.ac.ed.inf.sdp2012.group7.vision.FeedProcessor","1","48","1312"
"java.security.BasicPermissionCollection","6","192","1296"
"sun.java2d.loops.BlitBg","27","1296","1296"
"sun.font.FontDesignMetrics","1","80","1288"
"javax.management.openmbean.TabularType","2","96","1272"
"sun.reflect.NativeConstructorAccessorImpl","53","1272","1272"
"sun.reflect.GeneratedMethodAccessor1","1","16","1264"
"sun.reflect.GeneratedMethodAccessor10","1","16","1264"
"sun.reflect.GeneratedMethodAccessor2","1","16","1264"
"sun.reflect.GeneratedMethodAccessor3","1","16","1264"
"sun.reflect.GeneratedMethodAccessor4","1","16","1264"
"sun.reflect.GeneratedMethodAccessor5","1","16","1264"
"sun.reflect.GeneratedMethodAccessor6","1","16","1264"
"sun.reflect.GeneratedMethodAccessor7","1","16","1264"
"sun.reflect.GeneratedMethodAccessor8","1","16","1264"
"sun.reflect.GeneratedMethodAccessor9","1","16","1264"
"java.lang.String[][]","4","216","1256"
"uk.ac.ed.inf.sdp2012.group7.vision.Thresholding","1","176","1248"
"sun.nio.cs.StandardCharsets$Cache","1","40","1240"
"sun.awt.X11.XContentWindow","2","272","1232"
"sun.swing.SwingLazyValue","38","912","1224"
"sun.font.TrueTypeFont$DirectoryEntry","38","1216","1216"
"sun.nio.cs.StandardCharsets$Classes","1","40","1216"
"javax.management.openmbean.OpenMBeanOperationInfoSupport","3","168","1176"
"double[]","20","1168","1168"
"javax.swing.RepaintManager","1","72","1168"
"short[][][]","1","40","1160"
"java.awt.Insets","36","1152","1152"
"java.nio.HeapCharBuffer","24","1152","1152"
"javax.swing.DefaultButtonModel","12","480","1152"
"sun.reflect.UnsafeQualifiedObjectFieldAccessorImpl","36","1152","1152"
"short[][]","5","160","1120"
"java.util.ResourceBundle$BundleReference","9","432","1112"
"javax.swing.JCheckBox","1","472","1088"
"java.awt.image.ComponentColorModel","8","832","1072"
"java.lang.Package","19","1064","1064"
"sun.java2d.loops.GraphicsPrimitiveProxy","19","1064","1064"
"uk.ac.ed.inf.sdp2012.group7.vision.worldstate.ObjectPosition","7","224","1064"
"java.awt.SystemColor","26","1040","1040"
"com.sun.jmx.mbeanserver.MXBeanSupport","16","640","1024"
"java.util.LinkedList","14","336","1024"
"java.awt.image.SinglePixelPackedSampleModel","7","336","1008"
"java.awt.FlowLayout","25","1000","1000"
"java.text.DecimalFormat","3","432","992"
"java.util.jar.JarFile$JarFileEntry","12","960","984"
"java.util.regex.Pattern$Curly","6","192","984"
"com.sun.jmx.mbeanserver.DescriptorCache","1","16","984"
"com.sun.jmx.mbeanserver.MBeanIntrospector$PerInterfaceMap","1","48","968"
"sun.reflect.misc.MethodUtil","1","64","968"
"java.security.Provider$EngineDescription","30","960","960"
"sun.java2d.x11.X11PMBlitLoops","20","960","960"
"sun.management.VMManagementImpl","1","24","920"
"sun.reflect.DelegatingConstructorAccessorImpl","54","864","912"
"org.apache.log4j.ProvisionNode","10","320","880"
"javax.management.MBeanOperationInfo[]","34","872","872"
"sun.java2d.x11.X11SurfaceData$X11PixmapSurfaceData","4","480","864"
"javax.management.openmbean.SimpleType","14","560","856"
"sun.java2d.loops.RenderCache","7","112","840"
"javax.management.ObjectName$Property[]","35","832","832"
"sun.management.MemoryPoolImpl$CollectionSensor","5","200","832"
"javax.swing.InputMap","34","816","816"
"sun.java2d.loops.DrawGlyphList","17","816","816"
"sun.java2d.loops.FillRect","17","816","816"
"sun.security.provider.NativePRNG$RandomIO","1","64","816"
"double[][]","2","120","808"
"java.lang.StringBuffer","5","120","800"
"sun.awt.SunDisplayChanger","2","32","800"
"java.util.ResourceBundle$CacheKey","9","504","792"
"javax.swing.ActionMap","33","792","792"
"java.util.concurrent.locks.ReentrantLock","17","272","784"
"sun.management.MemoryPoolImpl$PoolSensor","5","200","784"
"au.edu.jcu.v4l4j.InputInfo","2","64","776"
"sun.awt.SunHints$Value","32","768","768"
"sun.font.EAttribute","24","768","768"
"sun.java2d.loops.DrawLine","16","768","768"
"sun.java2d.loops.DrawPath","16","768","768"
"sun.java2d.loops.DrawPolygons","16","768","768"
"sun.java2d.loops.DrawRect","16","768","768"
"sun.java2d.loops.FillPath","16","768","768"
"sun.java2d.loops.FillSpans","16","768","768"
"sun.nio.cs.UTF_8$Encoder","11","528","768"
"java.awt.DefaultKeyboardFocusManager","1","72","768"
"java.awt.EventDispatchThread","1","128","752"
"sun.reflect.annotation.AnnotationInvocationHandler","31","744","744"
"javax.naming.Name[]","1","32","744"
"sun.java2d.loops.RenderCache$Entry[]","7","632","728"
"javax.naming.CompositeName","3","48","712"
"java.util.Locale","22","704","704"
"sun.awt.X11.XRootWindow","1","80","696"
"java.lang.ref.ReferenceQueue$Lock","42","672","672"
"sun.java2d.loops.TransformHelper","14","672","672"
"javax.naming.NameImpl","3","192","664"
"java.awt.geom.AffineTransform[]","1","88","664"
"sun.security.provider.SecureRandom","1","32","656"
"java.lang.OutOfMemoryError","8","256","648"
"sun.java2d.pipe.Region","16","640","640"
"sun.java2d.x11.X11SurfaceData$X11WindowSurfaceData","4","416","640"
"sun.net.www.protocol.jar.URLJarFile","4","288","640"
"org.apache.log4j.CategoryKey","13","312","632"
"java.util.regex.Pattern$CharPropertyNames$1","39","624","624"
"javax.swing.JTabbedPane$Page","6","528","624"
"sun.java2d.loops.DrawGlyphListLCD","13","624","624"
"java.util.ResourceBundle$RBClassLoader","1","56","616"
"com.sun.imageio.plugins.jpeg.JPEGImageReader","3","600","600"
"java.util.Collections$UnmodifiableMap","5","160","600"
"javax.management.ObjectName$Property","25","600","600"
"com.intel.bluetooth.BluetoothStackBlueZ","1","64","600"
"javax.swing.plaf.metal.MetalTabbedPaneUI","1","208","592"
"java.util.Stack","10","320","584"
"java.lang.StringBuilder","19","456","576"
"java.util.Map[]","1","32","576"
"java.util.regex.Pattern$6","3","72","560"
"java.io.FileDescriptor","15","360","552"
"com.sun.jmx.mbeanserver.WeakIdentityHashMap$IdentityWeakReference","17","544","544"
"java.security.MessageDigest$Delegate","1","32","544"
"org.apache.log4j.helpers.PatternParser$CategoryPatternConverter","1","40","544"
"java.awt.image.DataBufferByte","9","432","528"
"javax.swing.KeyStroke","22","528","528"
"java.awt.Color","13","520","520"
"java.net.SocksSocketImpl","2","224","512"
"java.nio.DirectByteBuffer","8","512","512"
"java.util.regex.Pattern$CharPropertyNames$4","16","256","512"
"javax.swing.BufferStrategyPaintManager","1","72","512"
"sun.security.provider.SHA","1","56","512"
"java.awt.Font","7","504","504"
"java.lang.StringCoding$StringEncoder","6","144","504"
"sun.awt.X11.XFocusProxyWindow","2","176","496"
"sun.awt.X11.XWM","1","32","496"
"sun.awt.SunHints$Value[][]","1","56","488"
"sun.java2d.x11.X11PMBlitBgLoops","10","480","480"
"sun.java2d.x11.X11PMBlitLoops$DelegateBlitLoop","10","480","480"
"sun.nio.ch.FileChannelImpl","2","96","480"
"sun.reflect.UnsafeQualifiedStaticIntegerFieldAccessorImpl","15","480","480"
"uk.ac.ed.inf.sdp2012.group7.vision.ui.RangeSliderUI$RangeTrackListener","15","480","480"
"java.util.Set[]","1","32","480"
"sun.awt.AWTAutoShutdown","1","40","480"
"sun.awt.im.InputMethodContext","2","128","464"
"com.yourkit.probes.builtin.Processes$IOOperationTable","3","144","456"
"sun.font.FontStrikeDesc","6","240","456"
"sun.java2d.StateTrackableDelegate","19","456","456"
"sun.reflect.NativeMethodAccessorImpl","19","456","456"
"sun.awt.X11.XCreateWindowParams","1","48","456"
"sun.font.GlyphList","1","80","456"
"sun.security.jca.ProviderList$1","1","96","456"
"java.lang.Float","28","448","448"
"sun.awt.image.SunVolatileImage","4","224","440"
"java.text.DateFormat$Field","18","432","432"
"java.util.HashMap$KeySet","27","432","432"
"sun.awt.SunHints$Value[]","9","432","432"
"sun.swing.SwingUtilities2$2","18","432","432"
"sun.swing.ImageCache","1","24","432"
"com.yourkit.runtime.TelemetryThreadJVMTI","1","136","424"
"sun.misc.SoftCache","2","64","416"
"sun.java2d.loops.CompositeType","17","408","408"
"javax.management.StandardEmitterMBean","1","32","408"
"java.net.InetAddress$Cache","2","48","400"
"sun.security.jca.ProviderList","2","48","400"
"java.util.regex.Pattern$Ques","2","48","392"
"java.util.HashMap$EntrySet","24","384","384"
"sun.misc.Cleaner","6","240","384"
"java.awt.color.ICC_ColorSpace","3","192","368"
"java.awt.font.TextAttribute","23","368","368"
"java.lang.ref.Finalizer$FinalizerThread","1","112","368"
"uk.ac.ed.inf.sdp2012.group7.strategy.Strategy","1","24","368"
"uk.ac.ed.inf.sdp2012.group7.strategy.Strategy$1","1","128","368"
"com.yourkit.probes.StringColumn","15","360","360"
"java.awt.Rectangle[]","5","168","360"
"javax.swing.plaf.basic.BasicButtonListener","15","360","360"
"javax.swing.plaf.basic.BasicSliderUI$ScrollListener","15","360","360"
"com.intel.bluetooth.BlueCoveImpl$AsynchronousShutdownThread","1","120","360"
"java.lang.ClassLoader$NativeLibrary","11","352","352"
"sun.font.Font2DHandle","22","352","352"
"com.intel.bluetooth.BlueCoveImpl$ShutdownHookThread","1","120","344"
"sun.awt.X11.XWINProtocol","1","56","344"
"uk.ac.ed.inf.sdp2012.group7.control.RobotControl","1","40","344"
"au.edu.jcu.v4l4j.ResolutionInfo","14","336","336"
"javax.swing.ButtonGroup","3","72","336"
"sun.awt.CausedFocusEvent$Cause","14","336","336"
"sun.font.EAttribute[]","3","336","336"
"sun.reflect.generics.factory.CoreReflectionFactory","8","192","336"
"java.util.logging.LogManager$Cleaner","1","112","328"
"sun.awt.X11.XToolkit$1","1","112","328"
"java.io.FileInputStream","5","160","320"
"java.text.DecimalFormatSymbols","5","320","320"
"sun.awt.image.BufImgSurfaceData","5","320","320"
"sun.reflect.UnsafeQualifiedStaticObjectFieldAccessorImpl","10","320","320"
"sun.security.jca.ProviderConfig[]","2","64","320"
"javax.imageio.spi.IIORegistry","1","16","320"
"org.apache.log4j.Level","13","312","312"
"javax.swing.event.ChangeEvent","19","304","304"
"javax.swing.JToggleButton$ToggleButtonModel","3","120","304"
"com.sun.jmx.mbeanserver.ClassLoaderRepositorySupport","1","24","304"
"java.lang.Object[][]","1","48","304"
"java.lang.ThreadGroup","2","96","296"
"sun.font.CompositeStrike","2","96","296"
"java.awt.EventQueue","1","56","296"
"java.lang.UNIXProcess$1","1","48","296"
"java.awt.AlphaComposite","12","288","288"
"java.util.ResourceBundle$LoaderReference","9","288","288"
"javax.imageio.stream.FileCacheImageInputStream","3","288","288"
"sun.reflect.generics.reflectiveObjects.ParameterizedTypeImpl","6","144","288"
"java.util.HashMap$KeyIterator","7","280","280"
"sun.font.FileFontStrike","2","224","280"
"sun.util.calendar.ZoneInfo","5","280","280"
"sun.awt.im.ExecutableInputMethodManager","1","56","280"
"java.util.concurrent.atomic.AtomicInteger","17","272","272"
"sun.java2d.pipe.PixelToShapeConverter","17","272","272"
"java.util.zip.ZStreamRef","11","264","264"
"javax.imageio.plugins.jpeg.JPEGImageReadParam","3","264","264"
"au.edu.jcu.v4l4j.V4L4JDataBuffer","4","160","256"
"java.security.CodeSource","8","256","256"
"java.util.concurrent.atomic.AtomicBoolean","16","256","256"
"javax.swing.plaf.InsetsUIResource","8","256","256"
"sun.security.jca.ProviderConfig","8","256","256"
"com.yourkit.probes.IntColumn","10","240","240"
"com.yourkit.probes.LongColumn","10","240","240"
"javax.swing.AbstractButton$Handler","15","240","240"
"javax.swing.JSlider$ModelListener","15","240","240"
"javax.swing.plaf.basic.BasicSliderUI$Handler","15","240","240"
"javax.swing.Timer$DoPostEvent","15","240","240"
"sun.font.FontFamily","6","240","240"
"sun.nio.cs.UTF_8$Decoder","6","240","240"
"uk.ac.ed.inf.sdp2012.group7.vision.ui.RangeSliderUI$ChangeHandler","15","240","240"
"sun.text.resources.FormatData_en_GB","1","40","240"
"java.lang.StringCoding$StringDecoder","4","96","232"
"javax.management.MBeanConstructorInfo[]","12","200","232"
"java.awt.geom.EllipseIterator","4","224","224"
"java.util.GregorianCalendar","2","224","224"
"sun.awt.X11.WindowDimensions","2","64","224"
"com.sun.jmx.mbeanserver.MBeanServerDelegateImpl","1","40","224"
"byte[][]","9","216","216"
"java.lang.annotation.ElementType[]","7","216","216"
"java.util.logging.Level","9","216","216"
"sun.awt.SunHints$Key","9","216","216"
"com.sun.imageio.plugins.jpeg.JPEGImageReaderSpi","1","88","216"
"com.sun.imageio.plugins.jpeg.JPEGImageWriterSpi","1","88","216"
"java.lang.ref.Reference$ReferenceHandler","1","112","216"
"uk.ac.ed.inf.sdp2012.group7.vision.InitialLocation","1","48","216"
"java.lang.reflect.Type[]","10","208","208"
"com.sun.imageio.plugins.bmp.BMPImageReaderSpi","1","88","208"
"com.sun.imageio.plugins.bmp.BMPImageWriterSpi","1","88","208"
"com.sun.imageio.plugins.gif.GIFImageReaderSpi","1","88","208"
"com.sun.imageio.plugins.gif.GIFImageWriterSpi","1","88","208"
"com.sun.imageio.plugins.png.PNGImageReaderSpi","1","88","208"
"com.sun.imageio.plugins.png.PNGImageWriterSpi","1","88","208"
"com.sun.imageio.plugins.wbmp.WBMPImageReaderSpi","1","88","208"
"com.sun.imageio.plugins.wbmp.WBMPImageWriterSpi","1","88","208"
"javax.swing.plaf.BorderUIResource$CompoundBorderUIResource","3","72","200"
"sun.java2d.x11.X11SurfaceDataProxy$Opaque","5","200","200"
"sun.awt.FontDescriptor[][][]","1","40","200"
"java.io.RandomAccessFile","5","160","192"
"java.lang.annotation.ElementType","8","192","192"
"java.lang.RuntimePermission","8","192","192"
"java.math.RoundingMode","8","192","192"
"sun.awt.OSInfo$WindowsVersion","8","192","192"
"sun.awt.X11.XRepaintArea","4","64","192"
"sun.font.FontStrikeDisposer","4","192","192"
"sun.font.StrikeCache$SoftDisposerRef","4","192","192"
"sun.reflect.annotation.AnnotationType","6","192","192"
"sun.util.calendar.Gregorian$Date","2","192","192"
"lejos.pc.comm.NXTInfo","1","32","192"
"sun.misc.URLClassPath$FileLoader","1","24","192"
"uk.ac.ed.inf.sdp2012.group7.vision.ui.ControlGUI","1","192","192"
"java.text.DateFormat$Field[]","2","184","184"
"java.security.Policy$UnsupportedEmptyCollection","1","24","184"
"sun.text.resources.FormatData_en","1","40","184"
"sun.util.resources.CalendarData","1","40","184"
"sun.util.resources.CurrencyNames_en_GB","1","40","184"
"java.text.DigitList","3","120","176"
"org.apache.log4j.helpers.PatternParser","1","48","176"
"sun.awt.X11.XMSelection","1","40","176"
"uk.ac.ed.inf.sdp2012.group7.vision.worldstate.Pitch","1","56","176"
"com.sun.management.VMOption$Origin","7","168","168"
"com.yourkit.probes.ObjectRowIndexMap","7","168","168"
"java.io.File[]","2","56","168"
"java.util.Date","7","168","168"
"javax.swing.plaf.metal.MetalLookAndFeel$MetalLazyValue","7","168","168"
"lejos.pc.comm.NXTConnectionState","7","168","168"
"sun.java2d.loops.RenderLoops","3","168","168"
"sun.reflect.generics.tree.FieldTypeSignature[]","9","168","168"
"sun.swing.ImageCache$Entry","3","96","168"
"java.io.ExpiringCache$Entry","1","24","168"
"$Proxy3","10","160","160"
"com.yourkit.runtime.TelemetryThreadJVMTI$MemPoolInfo","5","160","160"
"java.awt.font.FontRenderContext","5","160","160"
"java.lang.ThreadLocal","10","160","160"
"java.util.ArrayList$Itr","5","160","160"
"java.util.concurrent.locks.AbstractQueuedSynchronizer$Node","5","160","160"
"sun.awt.FontDescriptor[][]","5","160","160"
"sun.awt.util.IdentityArrayList","2","48","160"
"int[][][]","1","40","160"
"java.awt.Component$BltSubRegionBufferStrategy","1","48","160"
"java.awt.RenderingHints","1","16","160"
"java.lang.OutOfMemoryError[]","1","32","160"
"lejos.internal.jni.OSInfo","1","24","160"
"sun.util.CoreResourceBundleControl","1","16","160"
"com.yourkit.probes.builtin.FileStreams$MyChannelHandler$ChannelReadTable","1","48","152"
"com.yourkit.probes.builtin.FileStreams$MyChannelHandler$ChannelWriteTable","1","48","152"
"com.yourkit.probes.builtin.FileStreams$MyChannelHandler$TransferFromTable","1","48","152"
"com.yourkit.probes.builtin.FileStreams$MyChannelHandler$TransferToTable","1","48","152"
"com.yourkit.probes.builtin.FileStreams$ReadTable","1","48","152"
"com.yourkit.probes.builtin.FileStreams$WriteTable","1","48","152"
"com.yourkit.probes.builtin.Processes$ProcessTable","1","56","152"
"com.yourkit.probes.builtin.RandomAccessFiles$MyChannelHandler$ChannelReadTable","1","48","152"
"com.yourkit.probes.builtin.RandomAccessFiles$MyChannelHandler$ChannelWriteTable","1","48","152"
"com.yourkit.probes.builtin.RandomAccessFiles$MyChannelHandler$TransferFromTable","1","48","152"
"com.yourkit.probes.builtin.RandomAccessFiles$MyChannelHandler$TransferToTable","1","48","152"
"com.yourkit.probes.builtin.RandomAccessFiles$ReadTable","1","48","152"
"com.yourkit.probes.builtin.RandomAccessFiles$WriteTable","1","48","152"
"com.yourkit.probes.builtin.Sockets$ChannelReadTable","1","48","152"
"com.yourkit.probes.builtin.Sockets$ChannelWriteTable","1","48","152"
"com.yourkit.probes.builtin.Sockets$StreamReadTable","1","48","152"
"com.yourkit.probes.builtin.Sockets$StreamWriteTable","1","48","152"
"com.yourkit.probes.builtin.Threads$ThreadNameHistoryTable","1","48","152"
"java.awt.Cursor[]","2","144","144"
"java.io.FileOutputStream","3","96","144"
"java.io.PrintWriter","2","96","144"
"java.nio.DirectByteBuffer$Deallocator","6","144","144"
"java.util.regex.Pattern$CharPropertyNames$2","6","144","144"
"javax.swing.plaf.DimensionUIResource","6","144","144"
"javax.swing.plaf.FontUIResource","2","144","144"
"javax.swing.plaf.metal.MetalLookAndFeel$FontActiveValue","6","144","144"
"sun.font.CharToGlyphMapper[]","2","144","144"
"sun.font.PhysicalStrike[]","2","144","144"
"sun.reflect.generics.scope.MethodScope","6","144","144"
"sun.reflect.generics.tree.FormalTypeParameter[]","8","144","144"
"sun.reflect.UnsafeIntegerFieldAccessorImpl","6","144","144"
"sun.reflect.UnsafeObjectFieldAccessorImpl","6","144","144"
"sun.text.resources.FormatData_en_US","1","40","144"
"sun.util.resources.CurrencyNames_en_US","1","40","144"
"uk.ac.ed.inf.sdp2012.group7.vision.ThresholdsState","1","144","144"
"com.intel.bluetooth.BlueCoveImpl$BluetoothStackHolder","1","24","136"
"$Proxy4","8","128","128"
"com.sun.jmx.mbeanserver.OpenConverter$ArrayConverter","4","128","128"
"java.awt.geom.Ellipse2D$Float","4","128","128"
"java.awt.geom.Path2D$Float","4","128","128"
"java.net.Inet4Address","4","128","128"
"java.security.Principal[]","8","128","128"
"java.security.ProtectionDomain$Key","8","128","128"
"java.util.regex.Pattern$CharPropertyNames$3","8","128","128"
"javax.management.MBeanNotificationInfo[]","6","128","128"
"sun.awt.X11.AwtGraphicsConfigData","4","128","128"
"sun.awt.X11.XInputMethod","2","128","128"
"sun.font.FreetypeFontScaler","2","64","128"
"sun.java2d.x11.X11Renderer","8","128","128"
"java.awt.Queue[]","1","32","128"
"javax.swing.UIManager$LookAndFeelInfo[]","1","32","128"
"org.apache.log4j.or.RendererMap","1","16","128"
"java.awt.AWTKeyStroke","5","120","120"
"java.util.regex.Pattern$Start","5","120","120"
"org.apache.log4j.Logger","3","120","120"
"com.yourkit.probes.builtin.Messages$MessageTable","1","48","120"
"java.awt.SystemColor[]","1","120","120"
"java.util.Locale[]","1","56","120"
"java.awt.BorderLayout","2","112","112"
"java.awt.Window$WindowDisposerRecord","2","48","112"
"java.lang.Thread[]","2","112","112"
"java.text.DateFormatSymbols","2","112","112"
"java.text.SimpleDateFormat","2","112","112"
"sun.awt.X11.XBaseWindow$StateLock","7","112","112"
"sun.font.StrikeMetrics","2","112","112"
"sun.java2d.loops.FontInfo","2","112","112"
"sun.nio.ch.NativeThreadSet","2","48","112"
"java.awt.AWTKeyStroke[][]","1","32","112"
"javax.management.NotificationBroadcasterSupport","1","24","112"
"org.apache.log4j.spi.RootLogger","1","40","112"
"sun.awt.X11.XDragSourceContextPeer","1","112","112"
"sun.util.resources.CalendarData_en","1","40","112"
"java.lang.ArithmeticException","1","32","104"
"java.security.SecureRandom","1","64","104"
"sun.awt.SunToolkit$ModalityListenerList","1","16","104"
"sun.management.MemoryManagerImpl","1","24","104"
"sun.misc.PerformanceLogger$TimeData","1","24","104"
"com.sun.jmx.mbeanserver.OpenConverter$EnumConverter","3","96","96"
"java.awt.Dialog$ModalityType","4","96","96"
"java.awt.LightweightDispatcher","2","96","96"
"java.awt.Queue","4","96","96"
"java.io.ByteArrayInputStream","3","96","96"
"java.lang.ref.ReferenceQueue$Null","2","64","96"
"java.util.HashMap$Values","6","96","96"
"javax.accessibility.AccessibleRelationSet","6","96","96"
"javax.imageio.plugins.jpeg.JPEGHuffmanTable","4","96","96"
"javax.imageio.spi.PartialOrderIterator","4","96","96"
"javax.swing.ComponentInputMap","2","48","96"
"javax.swing.LayoutFocusTraversalPolicy","2","64","96"
"javax.swing.plaf.basic.LazyActionMap","4","96","96"
"javax.swing.UIManager$LookAndFeelInfo","4","96","96"
"sun.awt.OSInfo$OSType","4","96","96"
"sun.awt.X11.XBaseWindow$InitialiseState","4","96","96"
"sun.awt.X11.XWindowAttributesData","2","96","96"
"sun.java2d.loops.RenderCache$Entry","3","96","96"
"sun.java2d.pipe.AAShapePipe","6","96","96"
"sun.java2d.pipe.TextRenderer","6","96","96"
"sun.java2d.StateTrackable$State","4","96","96"
"sun.reflect.generics.reflectiveObjects.TypeVariableImpl","3","96","96"
"sun.reflect.generics.tree.TypeSignature[]","6","96","96"
"com.yourkit.probes.builtin.AWTEvents$EventTable","1","48","96"
"java.util.concurrent.locks.ReentrantReadWriteLock","1","24","96"
"javax.swing.BufferStrategyPaintManager$BufferInfo","1","32","96"
"sun.font.AttributeValues","1","96","96"
"sun.font.CompositeFont[]","1","96","96"
"sun.font.FileFont[]","1","96","96"
"sun.java2d.loops.RenderLoops[]","1","40","96"
"com.sun.jmx.mbeanserver.ClassLoaderRepositorySupport$LoaderEntry[]","2","40","88"
"javax.management.MBeanNotificationInfo","2","64","88"
"au.edu.jcu.v4l4j.VideoDevice","1","56","88"
"java.text.AttributedString$AttributedStringIterator","1","48","88"
"java.util.concurrent.CopyOnWriteArrayList","1","24","88"
"java.util.regex.Pattern$7","1","24","88"
"javax.swing.plaf.basic.BasicLabelUI","1","24","88"
"javax.swing.plaf.metal.MetalLabelUI","1","24","88"
"$Proxy1","5","80","80"
"$Proxy2","5","80","80"
"com.sun.jmx.mbeanserver.OpenConverter$TabularConverter","2","80","80"
"java.awt.AWTKeyStroke[]","4","80","80"
"java.awt.EventQueueItem[]","2","80","80"
"java.lang.annotation.Annotation[]","5","80","80"
"java.util.HashMap$ValueIterator","2","80","80"
"javax.swing.plaf.metal.MetalRootPaneUI","2","80","80"
"sun.java2d.StateTrackableDelegate$1","5","80","80"
"sun.misc.FloatingDecimal","2","80","80"
"sun.swing.PrintColorUIResource","2","80","80"
"javax.swing.DefaultSingleSelectionModel","1","24","80"
"au.edu.jcu.v4l4j.ResolutionInfo$Type","3","72","72"
"java.awt.AWTEventMulticaster","3","72","72"
"java.awt.Dialog$ModalExclusionType","3","72","72"
"java.awt.EventFilter$FilterAction","3","72","72"
"java.lang.annotation.RetentionPolicy","3","72","72"
"java.util.regex.Pattern$Ctype","3","72","72"
"javax.imageio.spi.FilterIterator","3","72","72"
"sun.awt.im.InputMethodLocator","3","72","72"
"sun.misc.Signal","3","72","72"
"sun.reflect.generics.tree.FormalTypeParameter","3","72","72"
"java.util.BitSet","1","24","72"
"javax.management.openmbean.SimpleType[]","1","72","72"
"javax.swing.plaf.metal.OceanTheme","1","16","72"
"org.apache.log4j.helpers.AppenderAttachableImpl","1","16","72"
"sun.awt.CausedFocusEvent$Cause[]","1","72","72"
"sun.awt.X11.XGlobalCursorManager","1","32","72"
"com.sun.jmx.mbeanserver.OpenConverter$CollectionConverter","2","64","64"
"java.awt.ImageCapabilities","4","64","64"
"java.lang.annotation.RetentionPolicy[]","2","64","64"
"javax.imageio.plugins.jpeg.JPEGQTable","4","64","64"
"javax.swing.plaf.basic.BasicBorders$RadioButtonBorder","2","64","64"
"sun.awt.X11.PropMwmHints","2","64","64"
"sun.awt.X11.XSizeHints","2","64","64"
"sun.awt.X11.XWMHints","2","64","64"
"sun.management.GarbageCollectorImpl","2","64","64"
"sun.reflect.generics.repository.ClassRepository","2","64","64"
"com.yourkit.probes.builtin.FileStreams$FailedInputStreamTable","1","40","64"
"com.yourkit.probes.builtin.FileStreams$FailedOutputStreamTable","1","40","64"
"com.yourkit.probes.builtin.FileStreams$InputStreamTable","1","40","64"
"com.yourkit.probes.builtin.FileStreams$OutputStreamTable","1","40","64"
"com.yourkit.probes.builtin.RandomAccessFiles$FailedFileTable","1","40","64"
"com.yourkit.probes.builtin.RandomAccessFiles$FileTable","1","40","64"
"com.yourkit.probes.builtin.Sockets$SocketTable","1","40","64"
"com.yourkit.probes.builtin.Threads$ThreadTable","1","40","64"
"java.net.SocketInputStream","1","48","64"
"javax.swing.JRootPane$1","1","64","64"
"sun.awt.X11GraphicsConfig","1","64","64"
"sun.java2d.NullSurfaceData","1","48","64"
"uk.ac.ed.inf.sdp2012.group7.control.BluetoothCommunication","1","32","64"
"java.awt.BufferCapabilities","1","24","56"
"java.awt.image.MultiPixelPackedSampleModel","1","56","56"
"java.net.Inet4AddressImpl","1","24","56"
"javax.swing.plaf.metal.DefaultMetalTheme$FontDelegate","1","16","56"
"javax.swing.plaf.metal.MetalCheckBoxUI","1","56","56"
"sun.nio.cs.UTF_16$Decoder","1","56","56"
"com.sun.imageio.stream.StreamCloser$CloseAction","3","48","48"
"com.sun.jmx.mbeanserver.ClassLoaderRepositorySupport$LoaderEntry","2","48","48"
"com.yourkit.probes.ClassNameColumn","2","48","48"
"java.awt.ComponentOrientation","3","48","48"
"java.lang.management.ManagementPermission","2","48","48"
"java.lang.management.MemoryType","2","48","48"
"java.lang.reflect.TypeVariable[]","2","48","48"
"java.net.InetAddress$Cache$Type","2","48","48"
"java.nio.charset.CoderResult","2","48","48"
"java.nio.charset.CodingErrorAction","3","48","48"
"java.security.cert.Certificate[]","3","48","48"
"java.text.AttributedCharacterIterator$Attribute","3","48","48"
"java.util.concurrent.locks.ReentrantReadWriteLock$Sync$HoldCounter","2","48","48"
"java.util.Currency","2","48","48"
"java.util.regex.Pattern$2","2","48","48"
"javax.imageio.ImageIO$CanDecodeInputFilter","3","48","48"
"javax.imageio.ImageIO$ImageReaderIterator","3","48","48"
"javax.swing.plaf.basic.BasicBorders$MarginBorder","3","48","48"
"javax.swing.plaf.basic.BasicRootPaneUI$RootPaneInputMap","2","48","48"
"sun.awt.MostRecentKeyValue","2","48","48"
"sun.font.FontDesignMetrics$MetricsKey","2","48","48"
"sun.java2d.pipe.SpanClipRenderer","3","48","48"
"sun.misc.NativeSignalHandler","2","48","48"
"sun.net.www.protocol.jar.Handler","3","48","48"
"sun.reflect.generics.scope.ClassScope","2","48","48"
"sun.reflect.generics.tree.ClassSignature","2","48","48"
"sun.reflect.UnsafeBooleanFieldAccessorImpl","2","48","48"
"sun.security.jca.ProviderList$3","2","48","48"
"au.edu.jcu.v4l4j.PushSource","1","32","48"
"char[][]","1","48","48"
"com.sun.management.UnixOperatingSystem","1","24","48"
"com.sun.management.VMOption$Origin[]","1","48","48"
"java.math.RoundingMode[]","1","48","48"
"java.net.Socket","1","32","48"
"java.net.SocketOutputStream","1","48","48"
"java.text.DontCareFieldPosition","1","32","48"
"java.util.regex.Pattern$CharProperty$1","1","24","48"
"java.util.regex.Pattern$Slice","1","24","48"
"javax.swing.plaf.metal.MetalLookAndFeel","1","32","48"
"javax.swing.plaf.metal.MetalRadioButtonUI","1","48","48"
"lejos.pc.comm.NXTConnectionState[]","1","48","48"
"sun.font.FontDesignMetrics$KeyReference","1","48","48"
"sun.font.FontStrike[]","1","48","48"
"sun.management.MemoryImpl","1","32","48"
"sun.awt.X11.XAtom[]","2","40","40"
"sun.reflect.generics.tree.ClassTypeSignature[]","2","40","40"
"java.awt.BasicStroke","1","40","40"
"java.awt.color.ICC_Profile","1","40","40"
"java.awt.color.ICC_ProfileGray","1","40","40"
"java.awt.color.ICC_ProfileRGB","1","40","40"
"java.awt.Cursor","1","40","40"
"java.awt.Point[]","1","40","40"
"java.awt.Toolkit$DesktopPropertyChangeSupport","1","24","40"
"java.lang.management.MemoryPoolMXBean[]","1","40","40"
"java.net.ServerSocket","1","24","40"
"java.text.AttributedString","1","40","40"
"java.util.concurrent.locks.ReentrantReadWriteLock$FairSync","1","40","40"
"java.util.ResourceBundle$1","1","40","40"
"javax.swing.plaf.FontUIResource[]","1","40","40"
"javax.swing.plaf.metal.MetalButtonUI","1","40","40"
"sun.font.FontDesignMetrics[]","1","40","40"
"sun.java2d.loops.SurfaceType[]","1","40","40"
"sun.java2d.SurfaceDataProxy$1","1","40","40"
"sun.util.resources.CurrencyNames","1","40","40"
"$Proxy0","2","32","32"
"com.yourkit.probes.builtin.RandomAccessFiles$MyChannelHandler","2","32","32"
"java.lang.Boolean","2","32","32"
"java.lang.InheritableThreadLocal","2","32","32"
"java.lang.Shutdown$Lock","2","32","32"
"java.nio.ByteOrder","2","32","32"
"java.nio.channels.spi.AbstractInterruptibleChannel$1","2","32","32"
"java.util.IdentityHashMap$KeySet","2","32","32"
"java.util.logging.Handler[]","2","32","32"
"java.util.regex.Pattern$CharPropertyNames$19","2","32","32"
"java.util.regex.Pattern$CharPropertyNames$9","2","32","32"
"javax.swing.JRootPane$RootLayout","2","32","32"
"javax.swing.LayoutComparator","2","32","32"
"sun.font.TrueTypeFont$TTDisposerRecord","2","32","32"
"sun.java2d.pipe.SpanShapeRenderer$Composite","2","32","32"
"sun.swing.StringUIClientPropertyKey","2","32","32"
"au.edu.jcu.v4l4j.ResolutionInfo$Type[]","1","32","32"
"au.edu.jcu.v4l4j.VideoDevice$State","1","32","32"
"java.awt.Dialog$ModalExclusionType[]","1","32","32"
"java.awt.Dialog$ModalityType[]","1","32","32"
"java.awt.EventFilter$FilterAction[]","1","32","32"
"java.io.DataInputStream","1","32","32"
"java.io.DataOutputStream","1","32","32"
"java.lang.ArrayIndexOutOfBoundsException","1","32","32"
"java.lang.management.MemoryManagerMXBean[]","1","32","32"
"java.lang.NullPointerException","1","32","32"
"java.lang.ref.Reference","1","32","32"
"java.lang.ThreadGroup[]","1","32","32"
"java.lang.ThreadLocal[]","1","32","32"
"java.lang.VirtualMachineError","1","32","32"
"java.net.InetAddress","1","32","32"
"java.util.concurrent.atomic.AtomicReferenceFieldUpdater$AtomicReferenceFieldUpdaterImpl","1","32","32"
"javax.management.MBeanConstructorInfo","1","32","32"
"javax.swing.plaf.BorderUIResource$EmptyBorderUIResource","1","32","32"
"javax.swing.plaf.metal.MetalLookAndFeel$AATextListener","1","32","32"
"lejos.pc.comm.NXTCommBluecove","1","32","32"
"sun.awt.im.CompositionAreaHandler","1","32","32"
"sun.awt.OSInfo$OSType[]","1","32","32"
"sun.awt.X11.XAWTXSettings","1","32","32"
"sun.awt.X11.XBaseWindow$InitialiseState[]","1","32","32"
"sun.awt.X11.XEvent","1","32","32"
"sun.java2d.StateTrackable$State[]","1","32","32"
"au.edu.jcu.v4l4j.AbstractGrabber$State","1","24","24"
"com.sun.imageio.spi.FileImageInputStreamSpi","1","24","24"
"com.sun.imageio.spi.FileImageOutputStreamSpi","1","24","24"
"com.sun.imageio.spi.InputStreamImageInputStreamSpi","1","24","24"
"com.sun.imageio.spi.OutputStreamImageOutputStreamSpi","1","24","24"
"com.sun.imageio.spi.RAFImageInputStreamSpi","1","24","24"
"com.sun.imageio.spi.RAFImageOutputStreamSpi","1","24","24"
"com.sun.jmx.remote.util.ClassLogger","1","24","24"
"java.awt.Cursor$CursorDisposer","1","24","24"
"java.awt.GraphicsDevice[]","1","24","24"
"java.awt.image.VolatileImage[]","1","24","24"
"java.awt.KeyboardFocusManager$HeavyweightFocusRequest","1","24","24"
"java.lang.management.MemoryType[]","1","24","24"
"java.lang.ProcessEnvironment$StringEnvironment","1","24","24"
"java.lang.reflect.ReflectPermission","1","24","24"
"java.lang.UNIXProcess$Gate","1","24","24"
"java.net.InetAddress$Cache$Type[]","1","24","24"
"java.net.InetSocketAddress","1","24","24"
"java.security.AllPermissionCollection","1","24","24"
"java.text.AttributedCharacterIterator$Attribute[]","1","24","24"
"java.util.Collections$EmptyMap","1","24","24"
"java.util.Collections$SynchronizedCollection","1","24","24"
"java.util.concurrent.atomic.AtomicLong","1","24","24"
"java.util.concurrent.locks.AbstractQueuedSynchronizer$ConditionObject","1","24","24"
"java.util.logging.LoggingPermission","1","24","24"
"javax.imageio.ImageIO$CacheInfo","1","24","24"
"javax.swing.plaf.metal.MetalTabbedPaneUI$TabbedPaneLayout","1","24","24"
"javax.swing.plaf.metal.MetalUtils$GradientPainter","1","24","24"
"javax.swing.RepaintManager$ProcessingRunnable","1","24","24"
"lejos.internal.jni.JNILoader","1","24","24"
"lejos.pc.comm.SystemContext$1","1","24","24"
"lejos.pc.comm.SystemContext$2","1","24","24"
"lejos.pc.comm.SystemContext$3","1","24","24"
"org.apache.log4j.helpers.FormattingInfo","1","24","24"
"org.apache.log4j.helpers.OnlyOnceErrorHandler","1","24","24"
"sun.awt.GlobalCursorManager$NativeUpdater","1","24","24"
"sun.awt.PostEventQueue","1","24","24"
"sun.awt.SunHints$LCDContrastKey","1","24","24"
"sun.awt.X11.XMSelection$3","1","24","24"
"sun.awt.X11GraphicsConfig$X11GCDisposerRecord","1","24","24"
"sun.management.CompilationImpl","1","24","24"
"sun.management.RuntimeImpl","1","24","24"
"sun.management.ThreadImpl","1","24","24"
"sun.nio.cs.ISO_8859_1","1","24","24"
"sun.nio.cs.UTF_16","1","24","24"
"sun.nio.cs.UTF_8","1","24","24"
"sun.reflect.UnsafeLongFieldAccessorImpl","1","24","24"
"sun.security.action.GetPropertyAction","1","24","24"
"sun.swing.SwingUtilities2$AATextInfo","1","24","24"
"$Proxy5","1","16","16"
"com.intel.bluetooth.BlueCoveImpl","1","16","16"
"com.intel.bluetooth.DebugLog4jAppender","1","16","16"
"com.intel.bluetooth.NativeLibLoader$LibState","1","16","16"
"com.sun.imageio.stream.StreamCloser$1","1","16","16"
"com.sun.jmx.mbeanserver.MBeanAnalyzer$MethodOrder","1","16","16"
"com.sun.jmx.mbeanserver.MBeanInstantiator","1","16","16"
"com.sun.jmx.mbeanserver.MXBeanIntrospector","1","16","16"
"com.sun.jmx.mbeanserver.SecureClassLoaderRepository","1","16","16"
"com.yourkit.probes.builtin.Processes$1","1","16","16"
"com.yourkit.probes.ObjectSet","1","16","16"
"com.yourkit.probes.triggers.actions.Action[]","1","16","16"
"com.yourkit.probes.triggers.EventListener[]","1","16","16"
"com.yourkit.runtime.Core$4","1","16","16"
"com.yourkit.util.Strings$1","1","16","16"
"java.awt.AWTEvent$1","1","16","16"
"java.awt.Component$1","1","16","16"
"java.awt.Component$2","1","16","16"
"java.awt.Component$AWTTreeLock","1","16","16"
"java.awt.DefaultFocusTraversalPolicy","1","16","16"
"java.awt.EventDispatchThread$1","1","16","16"
"java.awt.EventDispatchThread$HierarchyEventFilter","1","16","16"
"java.awt.GraphicsCallback$PaintCallback","1","16","16"
"java.awt.Image$1","1","16","16"
"java.awt.image.DataBuffer$1","1","16","16"
"java.awt.MutableBoolean","1","16","16"
"java.io.Console$1","1","16","16"
"java.io.Console$1$1","1","16","16"
"java.io.File$1","1","16","16"
"java.io.FileDescriptor$1","1","16","16"
"java.lang.ApplicationShutdownHooks","1","16","16"
"java.lang.CharacterDataLatin1","1","16","16"
"java.lang.ref.Reference$Lock","1","16","16"
"java.lang.reflect.ReflectAccess","1","16","16"
"java.lang.Runtime","1","16","16"
"java.lang.StackTraceElement[]","1","16","16"
"java.lang.String$CaseInsensitiveComparator","1","16","16"
"java.lang.System$2","1","16","16"
"java.lang.Terminator$1","1","16","16"
"java.net.InetAddress$1","1","16","16"
"java.net.InetAddressContainer","1","16","16"
"java.net.Socket$2","1","16","16"
"java.net.Socket$3","1","16","16"
"java.net.UnknownContentHandler","1","16","16"
"java.net.URLClassLoader$7","1","16","16"
"java.nio.charset.CoderResult$1","1","16","16"
"java.nio.charset.CoderResult$2","1","16","16"
"java.security.AccessControlContext$1","1","16","16"
"java.security.ProtectionDomain$2","1","16","16"
"java.security.Provider[]","1","16","16"
"java.text.DontCareFieldPosition$1","1","16","16"
"java.text.FieldPosition[]","1","16","16"
"java.util.Collections$EmptyEnumeration","1","16","16"
"java.util.Collections$EmptyIterator","1","16","16"
"java.util.Collections$EmptyList","1","16","16"
"java.util.Collections$EmptySet","1","16","16"
"java.util.concurrent.locks.ReentrantReadWriteLock$ReadLock","1","16","16"
"java.util.concurrent.locks.ReentrantReadWriteLock$Sync$ThreadLocalHoldCounter","1","16","16"
"java.util.concurrent.locks.ReentrantReadWriteLock$WriteLock","1","16","16"
"java.util.IdentityHashMap$Values","1","16","16"
"java.util.jar.JavaUtilJarAccessImpl","1","16","16"
"java.util.logging.Logging","1","16","16"
"java.util.regex.Pattern$5","1","16","16"
"java.util.regex.Pattern$All","1","16","16"
"java.util.regex.Pattern$CharPropertyNames$10","1","16","16"
"java.util.regex.Pattern$CharPropertyNames$11","1","16","16"
"java.util.regex.Pattern$CharPropertyNames$12","1","16","16"
"java.util.regex.Pattern$CharPropertyNames$13","1","16","16"
"java.util.regex.Pattern$CharPropertyNames$14","1","16","16"
"java.util.regex.Pattern$CharPropertyNames$15","1","16","16"
"java.util.regex.Pattern$CharPropertyNames$16","1","16","16"
"java.util.regex.Pattern$CharPropertyNames$17","1","16","16"
"java.util.regex.Pattern$CharPropertyNames$18","1","16","16"
"java.util.regex.Pattern$CharPropertyNames$20","1","16","16"
"java.util.regex.Pattern$CharPropertyNames$21","1","16","16"
"java.util.regex.Pattern$CharPropertyNames$5","1","16","16"
"java.util.regex.Pattern$CharPropertyNames$6","1","16","16"
"java.util.regex.Pattern$CharPropertyNames$7","1","16","16"
"java.util.regex.Pattern$CharPropertyNames$8","1","16","16"
"java.util.regex.Pattern$LastNode","1","16","16"
"java.util.regex.Pattern$Node","1","16","16"
"java.util.ResourceBundle$Control","1","16","16"
"java.util.TreeMap$KeySet","1","16","16"
"javax.management.JMX","1","16","16"
"javax.management.MBeanServerBuilder","1","16","16"
"javax.management.NotificationBroadcasterSupport$1","1","16","16"
"javax.swing.JComponent$1","1","16","16"
"javax.swing.JTabbedPane$ModelListener","1","16","16"
"javax.swing.plaf.basic.BasicLookAndFeel$2","1","16","16"
"javax.swing.plaf.basic.BasicPanelUI","1","16","16"
"javax.swing.plaf.basic.BasicRootPaneUI","1","16","16"
"javax.swing.plaf.basic.BasicSliderUI$Actions","1","16","16"
"javax.swing.plaf.basic.BasicTabbedPaneUI$Handler","1","16","16"
"javax.swing.plaf.metal.MetalBorders$ButtonBorder","1","16","16"
"javax.swing.plaf.metal.MetalIconFactory$CheckBoxIcon","1","16","16"
"javax.swing.plaf.metal.MetalIconFactory$RadioButtonIcon","1","16","16"
"javax.swing.plaf.metal.OceanTheme$1","1","16","16"
"javax.swing.plaf.metal.OceanTheme$2","1","16","16"
"javax.swing.plaf.metal.OceanTheme$3","1","16","16"
"javax.swing.plaf.metal.OceanTheme$4","1","16","16"
"javax.swing.plaf.metal.OceanTheme$5","1","16","16"
"javax.swing.plaf.metal.OceanTheme$6","1","16","16"
"javax.swing.SwingContainerOrderFocusTraversalPolicy","1","16","16"
"javax.swing.SwingDefaultFocusTraversalPolicy","1","16","16"
"javax.swing.SwingPaintEventDispatcher","1","16","16"
"javax.swing.UIManager$2","1","16","16"
"org.apache.log4j.DefaultCategoryFactory","1","16","16"
"org.apache.log4j.or.DefaultRenderer","1","16","16"
"org.apache.log4j.spi.DefaultRepositorySelector","1","16","16"
"org.GNOME.Accessibility.AccessibleFactory","1","16","16"
"org.GNOME.Accessibility.JavaBridge$1","1","16","16"
"org.GNOME.Accessibility.JavaBridge$2","1","16","16"
"sun.awt.image.PixelConverter","1","16","16"
"sun.awt.image.PixelConverter$Argb","1","16","16"
"sun.awt.image.PixelConverter$ArgbBm","1","16","16"
"sun.awt.image.PixelConverter$ArgbPre","1","16","16"
"sun.awt.image.PixelConverter$Bgrx","1","16","16"
"sun.awt.image.PixelConverter$ByteGray","1","16","16"
"sun.awt.image.PixelConverter$Rgba","1","16","16"
"sun.awt.image.PixelConverter$RgbaPre","1","16","16"
"sun.awt.image.PixelConverter$Rgbx","1","16","16"
"sun.awt.image.PixelConverter$Ushort4444Argb","1","16","16"
"sun.awt.image.PixelConverter$Ushort555Rgb","1","16","16"
"sun.awt.image.PixelConverter$Ushort555Rgbx","1","16","16"
"sun.awt.image.PixelConverter$Ushort565Rgb","1","16","16"
"sun.awt.image.PixelConverter$UshortGray","1","16","16"
"sun.awt.image.PixelConverter$Xbgr","1","16","16"
"sun.awt.image.PixelConverter$Xrgb","1","16","16"
"sun.awt.NullComponentPeer","1","16","16"
"sun.awt.OSInfo$1","1","16","16"
"sun.awt.X11.XDropTargetEventProcessor","1","16","16"
"sun.awt.X11.XErrorHandler$IgnoreBadWindowHandler","1","16","16"
"sun.awt.X11.XInputMethodDescriptor","1","16","16"
"sun.awt.X11.XKeyboardFocusManagerPeer","1","16","16"
"sun.awt.X11.XKeyboardFocusManagerPeer$1","1","16","16"
"sun.awt.X11.XMSelection$1","1","16","16"
"sun.awt.X11.XToolkit$4","1","16","16"
"sun.awt.X11.XWM$1","1","16","16"
"sun.font.CMap$NullCMapClass","1","16","16"
"sun.font.X11TextRenderer","1","16","16"
"sun.java2d.cmm.lcms.LCMS","1","16","16"
"sun.java2d.Disposer","1","16","16"
"sun.java2d.loops.GraphicsPrimitiveMgr$1","1","16","16"
"sun.java2d.loops.GraphicsPrimitiveMgr$2","1","16","16"
"sun.java2d.pipe.AATextRenderer","1","16","16"
"sun.java2d.pipe.AlphaColorPipe","1","16","16"
"sun.java2d.pipe.AlphaPaintPipe","1","16","16"
"sun.java2d.pipe.DrawImage","1","16","16"
"sun.java2d.pipe.GeneralCompositePipe","1","16","16"
"sun.java2d.pipe.LCDTextRenderer","1","16","16"
"sun.java2d.pipe.LoopPipe","1","16","16"
"sun.java2d.pipe.NullPipe","1","16","16"
"sun.java2d.pipe.OutlineTextRenderer","1","16","16"
"sun.java2d.pipe.SolidTextRenderer","1","16","16"
"sun.java2d.pipe.ValidatePipe","1","16","16"
"sun.java2d.pisces.PiscesRenderingEngine","1","16","16"
"sun.java2d.StateTracker$1","1","16","16"
"sun.java2d.StateTracker$2","1","16","16"
"sun.java2d.SunGraphicsEnvironment$T1Filter","1","16","16"
"sun.java2d.SunGraphicsEnvironment$TTFilter","1","16","16"
"sun.java2d.x11.X11SurfaceData$LazyPipe","1","16","16"
"sun.management.ClassLoadingImpl","1","16","16"
"sun.management.HotSpotDiagnostic","1","16","16"
"sun.misc.ASCIICaseInsensitiveComparator","1","16","16"
"sun.misc.FloatingDecimal$1","1","16","16"
"sun.misc.Launcher","1","16","16"
"sun.misc.Launcher$Factory","1","16","16"
"sun.misc.Unsafe","1","16","16"
"sun.net.www.protocol.file.Handler","1","16","16"
"sun.net.www.protocol.jar.JarFileFactory","1","16","16"
"sun.nio.ch.FileDispatcher","1","16","16"
"sun.reflect.BootstrapConstructorAccessorImpl","1","16","16"
"sun.reflect.GeneratedConstructorAccessor1","1","16","16"
"sun.reflect.generics.tree.TypeVariableSignature","1","16","16"
"sun.reflect.ReflectionFactory","1","16","16"
"sun.security.provider.NativePRNG","1","16","16"
"sun.util.calendar.Gregorian","1","16","16"
"sun.util.resources.LocaleData$LocaleDataResourceBundleControl","1","16","16"
"uk.ac.ed.inf.sdp2012.group7.vision.EuclideanDistance","1","16","16"
"uk.ac.ed.inf.sdp2012.group7.vision.OrientationFinder","1","16","16"
"uk.ac.ed.inf.sdp2012.group7.vision.ui.ControlGUI$1","1","16","16"
"uk.ac.ed.inf.sdp2012.group7.vision.ui.ControlGUI$10","1","16","16"
"uk.ac.ed.inf.sdp2012.group7.vision.ui.ControlGUI$11","1","16","16"
"uk.ac.ed.inf.sdp2012.group7.vision.ui.ControlGUI$12","1","16","16"
"uk.ac.ed.inf.sdp2012.group7.vision.ui.ControlGUI$13","1","16","16"
"uk.ac.ed.inf.sdp2012.group7.vision.ui.ControlGUI$2","1","16","16"
"uk.ac.ed.inf.sdp2012.group7.vision.ui.ControlGUI$3","1","16","16"
"uk.ac.ed.inf.sdp2012.group7.vision.ui.ControlGUI$4","1","16","16"
"uk.ac.ed.inf.sdp2012.group7.vision.ui.ControlGUI$5","1","16","16"
"uk.ac.ed.inf.sdp2012.group7.vision.ui.ControlGUI$6","1","16","16"
"uk.ac.ed.inf.sdp2012.group7.vision.ui.ControlGUI$7","1","16","16"
"uk.ac.ed.inf.sdp2012.group7.vision.ui.ControlGUI$8","1","16","16"
"uk.ac.ed.inf.sdp2012.group7.vision.ui.ControlGUI$9","1","16","16"
"uk.ac.ed.inf.sdp2012.group7.vision.Vision","1","16","16"
"uk.ac.ed.inf.sdp2012.group7.vision.VisionFeed$1","1","16","16"
